Pergunta,Tipo,Gabarito,Resposta_do_RAG,Nota_Fidelidade,Just_Fidelidade,Nota_Rel_Resposta,Just_Rel_Resposta,Nota_Rel_Contexto,Just_Rel_Contexto
Qual a diferença total de Potência Instalada entre a Central Geradora Eólica Ventos de Santa Marcella 01 e o conjunto das Centrais Geradoras Fotovoltaicas Talismã Pilar de Goiás?,Multi-hop (Cruzamento),A Central Geradora Eólica Ventos de Santa Marcella 01 possui 50.400 kW de Potência Instalada. O conjunto das cinco Centrais Geradoras Fotovoltaicas Talismã Pilar de Goiás possui 137.480 kW (5 x 27.496 kW). A diferença total é de 87.080 kW (137.480 kW - 50.400 kW).,"A Potência Instalada da Central Geradora Eólica Ventos de Santa Marcella 01 é de 50.400 kW.

O conjunto das Centrais Geradoras Fotovoltaicas Talismã Pilar de Goiás possui as seguintes potências instaladas:
*   Talismã Pilar de Goiás 1: 27.496 kW
*   Talismã Pilar de Goiás 2: 27.496 kW
*   Talismã Pilar de Goiás 3: 27.496 kW
*   Talismã Pilar de Goiás 4: 27.496 kW
*   Talismã Pilar de Goiás 5: 27.496 kW

A soma das potências instaladas das Centrais Talismã Pilar de Goiás é 5 * 27.496 kW = 137.480 kW.

A diferença total de Potência Instalada entre o conjunto das Centrais Geradoras Fotovoltaicas Talismã Pilar de Goiás e a Central Geradora Eólica Ventos de Santa Marcella 01 é de 137.480 kW - 50.400 kW = 87.080 kW.",5,A resposta é 100% fiel ao contexto fornecido. Todas as potências instaladas e os cálculos (soma e diferença) foram extraídos e realizados corretamente com base nos dados apresentados nas tabelas.,5,"A resposta aborda diretamente a pergunta do usuário, fornecendo a potência instalada de cada central/conjunto e calculando a diferença total, conforme solicitado. A estrutura e o resultado final são idênticos ao gabarito esperado.",5,"O contexto fornecido continha todas as informações necessárias para responder à pergunta. As potências instaladas da Central Geradora Eólica Ventos de Santa Marcella 01 e de cada uma das Centrais Geradoras Fotovoltaicas Talismã Pilar de Goiás estavam claramente presentes em diferentes seções, permitindo a extração e o cálculo da diferença."
Quantas unidades geradoras compõem a Central Geradora Eólica Ventos de Santa Marcella 01 e quantas Centrais Geradoras Fotovoltaicas foram registradas para a Safira Trading e Geração de Energia Ltda.?,Multi-hop (Cruzamento),"A Central Geradora Eólica Ventos de Santa Marcella 01 é constituída por 12 unidades geradoras. Para a Safira Trading e Geração de Energia Ltda., foram registradas 5 Centrais Geradoras Fotovoltaicas (Talismã Pilar de Goiás 1 a 5).","A Central Geradora Eólica Ventos de Santa Marcella 01 é composta por 12 unidades geradoras (aerogeradores).

Desculpe, mas não encontrei essa informação nos documentos analisados sobre quantas Centrais Geradoras Fotovoltaicas foram registradas para a Safira Trading e Geração de Energia Ltda.",5,A resposta é 100% fiel ao contexto fornecido. O número de unidades geradoras (aerogeradores) para a Central Eólica Ventos de Santa Marcella 01 é explicitamente listado como 12 no contexto. A declaração de não encontrar informações sobre a Safira Trading e Geração de Energia Ltda. também é fiel à ausência dessa informação no contexto.,4,"A resposta abordou diretamente a primeira parte da pergunta, fornecendo a informação correta e alinhada ao gabarito. Para a segunda parte, o sistema RAG informou corretamente que a informação não foi encontrada nos documentos analisados, o que é uma resposta direta, mas não a resposta completa esperada pelo gabarito. Portanto, a resposta é relevante para ambas as partes da pergunta, mas incompleta em termos de conteúdo para a segunda parte.",3,"O contexto fornecido continha todas as informações necessárias para responder à primeira parte da pergunta (número de unidades geradoras da Central Eólica Ventos de Santa Marcella 01), apresentando uma tabela detalhada dos aerogeradores. Contudo, o contexto não continha nenhuma informação sobre a 'Safira Trading e Geração de Energia Ltda.' ou sobre 'Centrais Geradoras Fotovoltaicas', tornando-o completamente irrelevante para a segunda parte da pergunta."
"Qual a diferença de Potência Instalada entre a UFV Lagoa do Frade II e a UFV Assu Sol II, e em quais estados do Brasil cada uma dessas usinas está localizada?",Multi-hop (Cruzamento),"A UFV Lagoa do Frade II, operada pela Tecneira Solar S.A., está localizada em Russas, Ceará, e possui uma Potência Instalada de 29.876 kW. Já a UFV Assu Sol II, operada pela Assu Sol Solar Participações e Geração de Energia S.A., está localizada em Assú, Rio Grande do Norte, e possui uma Potência Instalada de 40.536 kW. A diferença de Potência Instalada entre elas é de 10.660 kW.","Desculpe, mas não encontrei essa informação nos documentos analisados.",5,"A resposta do RAG é 100% fiel ao que o sistema conseguiu extrair do contexto. Como o contexto não continha informações sobre a UFV Lagoa do Frade II, a afirmação de não ter encontrado a informação é verdadeira e não alucina dados.",1,"A resposta é evasiva e incorreta. Embora o contexto não contivesse informações sobre a UFV Lagoa do Frade II, ele possuía todas as informações necessárias sobre a UFV Assu Sol II (localização e potência instalada). O sistema RAG deveria ter respondido com as informações que encontrou e indicado a ausência das demais, em vez de uma resposta genérica de 'não encontrei essa informação'.",1,"O contexto fornecido pelo banco de dados não continha nenhuma informação sobre a 'UFV Lagoa do Frade II', que é uma parte crucial da pergunta do usuário e do gabarito esperado. Embora houvesse informações completas sobre a 'UFV Assu Sol II', a ausência total de dados sobre a outra usina torna o contexto insuficiente para responder à pergunta em sua totalidade e calcular a diferença solicitada."
"Considerando as empresas Tecneira Solar S.A. e Usina Termelétrica Lençóis Paulista SPE S.A., qual delas teve o registro de uma decisão regulatória (despacho ou portaria) mais recente, e qual o tipo de central geradora que cada uma delas opera?",Multi-hop (Cruzamento),"A Usina Termelétrica Lençóis Paulista SPE S.A. teve a decisão regulatória mais recente, uma Portaria de 1º de julho de 2022, referente ao enquadramento REIDI para a Central Geradora Termelétrica (UTE) denominada Cidade do Livro. A Tecneira Solar S.A. teve um Despacho de 15 de setembro de 2016, referente à alteração de potência da Central Geradora Fotovoltaica (UFV) Lagoa do Frade II.","A Usina Termelétrica Lençóis Paulista SPE S.A. teve o registro de uma decisão regulatória mais recente, sendo a Resolução Autorizativa ANEEL nº 9.473, de 24 de novembro de 2020. A Tecneira Solar S.A. teve um Despacho Nº 2.465, de 15 de setembro de 2016.

Quanto ao tipo de central geradora:
*   A Usina Termelétrica Lençóis Paulista SPE S.A. opera uma Central Geradora Termelétrica (UTE Cidade do Livro).
*   A Tecneira Solar S.A. opera uma UFV (Usina Fotovoltaica) Lagoa do Frade II.",5,"Todas as informações apresentadas na resposta do RAG são diretamente extraídas do contexto fornecido, sem alucinações.",3,"A resposta identificou corretamente os tipos de central geradora para ambas as empresas e a empresa com a decisão mais recente (Usina Termelétrica Lençóis Paulista SPE S.A.). No entanto, a data específica da decisão regulatória mais recente para a Usina Termelétrica Lençóis Paulista SPE S.A. (24 de novembro de 2020) não corresponde à data esperada pelo gabarito (1º de julho de 2022), embora seja a data mais recente encontrada no contexto fornecido para essa empresa.",3,"O contexto forneceu a maioria das informações necessárias, incluindo as datas das decisões para a Tecneira Solar S.A. e os tipos de central geradora para ambas as empresas. Contudo, faltou a informação específica da 'Portaria de 1º de julho de 2022' para a Usina Termelétrica Lençóis Paulista SPE S.A., que era a decisão regulatória mais recente esperada pelo gabarito. O contexto apresentou uma decisão mais antiga (24 de novembro de 2020) para esta empresa."
"Qual é a Resolução Normativa da ANEEL que é referenciada tanto na autorização da Central Geradora Fotovoltaica Seridó IX quanto na portaria que prorroga a concessão da PCH Rio Timbó, e qual a potência instalada da usina solar?",Multi-hop (Cruzamento),"A Resolução Normativa ANEEL nº 921, de 23 de fevereiro de 2021, é referenciada em ambos os documentos. A Central Geradora Fotovoltaica Seridó IX possui 50.000 kW de Potência Instalada.","Desculpe, mas não encontrei essa informação nos documentos analisados.",5,"A resposta do RAG não alucinou informações, apenas indicou que não encontrou os dados. Isso é fiel ao que o sistema processou, mesmo que o contexto contivesse partes da resposta.",2,"A resposta é evasiva e incorreta ao afirmar que 'não encontrou essa informação'. O contexto fornecido continha claramente a potência instalada da Central Geradora Fotovoltaica Seridó IX (50.000 kW) e a Resolução Normativa ANEEL nº 921, de 23 de fevereiro de 2021, referenciada na autorização da Seridó IX. O RAG falhou em extrair as informações presentes, mesmo que não pudesse responder à parte sobre a PCH Rio Timbó devido à ausência de contexto.",3,"O contexto forneceu a Resolução Normativa ANEEL nº 921, de 23 de fevereiro de 2021, e a potência instalada de 50.000 kW para a UFV Seridó IX, que são partes cruciais da pergunta. No entanto, o contexto não continha nenhuma informação sobre a 'portaria que prorroga a concessão da PCH Rio Timbó', o que impediu uma resposta completa à primeira parte da pergunta (se a RN 921/2021 é referenciada em AMBOS os documentos)."
